user,datetime,year,month,day,hour,minute,second,daytime
valentina,2020-05-15 00:00:13.222265,2020,5,15,0,0,13,night
valentina,2020-05-15 00:01:05.153738,2020,5,15,0,1,5,night
pavel,2020-05-12 00:01:27.764025,2020,5,12,0,1,27,night
pavel,2020-05-12 00:01:38.444917,2020,5,12,0,1,38,night
pavel,2020-05-12 00:01:55.395042,2020,5,12,0,1,55,night
valentina,2020-05-15 00:02:05.652585,2020,5,15,0,2,5,night
alexander,2020-05-15 00:05:27.798227,2020,5,15,0,5,27,night
artem,2020-04-20 00:08:17.652510,2020,4,20,0,8,17,night
alexander,2020-05-15 00:10:24.935904,2020,5,15,0,10,24,night
maxim,2020-05-15 00:12:22.886082,2020,5,15,0,12,22,night
maxim,2020-05-15 00:12:27.352993,2020,5,15,0,12,27,night
konstantin,2020-05-10 00:13:42.216836,2020,5,10,0,13,42,night
maxim,2020-05-14 00:13:49.532283,2020,5,14,0,13,49,night
konstantin,2020-05-10 00:14:05.765256,2020,5,10,0,14,5,night
alexander,2020-05-15 00:15:44.150373,2020,5,15,0,15,44,night
valentina,2020-05-15 00:15:56.403749,2020,5,15,0,15,56,night
anatoliy,2020-05-16 00:16:07.272174,2020,5,16,0,16,7,night
pavel,2020-05-10 00:17:03.110482,2020,5,10,0,17,3,night
pavel,2020-05-10 00:17:14.304271,2020,5,10,0,17,14,night
konstantin,2020-04-19 00:17:22.720860,2020,4,19,0,17,22,night
konstantin,2020-04-19 00:17:28.624573,2020,4,19,0,17,28,night
konstantin,2020-05-15 00:19:29.163438,2020,5,15,0,19,29,night
alexander,2020-05-15 00:19:35.131440,2020,5,15,0,19,35,night
konstantin,2020-05-15 00:19:41.693715,2020,5,15,0,19,41,night
maxim,2020-05-14 00:22:57.668245,2020,5,14,0,22,57,night
konstantin,2020-05-10 00:25:19.062084,2020,5,10,0,25,19,night
pavel,2020-05-10 00:25:41.252557,2020,5,10,0,25,41,night
konstantin,2020-05-10 00:25:43.134669,2020,5,10,0,25,43,night
konstantin,2020-05-12 00:26:30.724998,2020,5,12,0,26,30,night
pavel,2020-05-10 00:27:11.011497,2020,5,10,0,27,11,night
konstantin,2020-05-12 00:28:57.362197,2020,5,12,0,28,57,night
artem,2020-04-18 00:30:45.051569,2020,4,18,0,30,45,night
artem,2020-04-24 00:31:07.463947,2020,4,24,0,31,7,night
pavel,2020-05-10 00:31:49.337810,2020,5,10,0,31,49,night
pavel,2020-05-10 00:31:52.675228,2020,5,10,0,31,52,night
pavel,2020-05-10 00:31:57.224599,2020,5,10,0,31,57,night
valentina,2020-05-15 00:37:50.088241,2020,5,15,0,37,50,night
konstantin,2020-05-06 00:38:00.562420,2020,5,6,0,38,0,night
alexander,2020-05-15 00:38:19.284981,2020,5,15,0,38,19,night
konstantin,2020-05-06 00:38:57.672657,2020,5,6,0,38,57,night
alexander,2020-05-15 00:41:07.728365,2020,5,15,0,41,7,night
pavel,2020-05-10 00:42:46.485025,2020,5,10,0,42,46,night
konstantin,2020-04-19 00:43:03.766276,2020,4,19,0,43,3,night
konstantin,2020-04-19 00:44:18.631684,2020,4,19,0,44,18,night
konstantin,2020-05-10 00:51:22.692446,2020,5,10,0,51,22,night
pavel,2020-05-13 00:51:28.596876,2020,5,13,0,51,28,night
pavel,2020-05-13 00:51:39.485981,2020,5,13,0,51,39,night
pavel,2020-05-13 00:51:48.307642,2020,5,13,0,51,48,night
pavel,2020-05-13 00:51:51.235785,2020,5,13,0,51,51,night
pavel,2020-05-13 00:51:53.823330,2020,5,13,0,51,53,night
pavel,2020-05-13 00:51:56.952662,2020,5,13,0,51,56,night
pavel,2020-05-13 00:51:59.641605,2020,5,13,0,51,59,night
pavel,2020-05-13 00:52:21.341992,2020,5,13,0,52,21,night
valentina,2020-05-13 00:52:40.776025,2020,5,13,0,52,40,night
valentina,2020-05-13 00:52:47.579523,2020,5,13,0,52,47,night
pavel,2020-05-13 00:52:53.759841,2020,5,13,0,52,53,night
pavel,2020-05-13 00:53:04.122832,2020,5,13,0,53,4,night
pavel,2020-05-13 00:53:17.976621,2020,5,13,0,53,17,night
pavel,2020-05-13 00:53:22.197897,2020,5,13,0,53,22,night
pavel,2020-05-13 00:54:37.931571,2020,5,13,0,54,37,night
alexander,2020-05-15 00:54:53.756201,2020,5,15,0,54,53,night
pavel,2020-05-13 00:55:28.856513,2020,5,13,0,55,28,night
valentina,2020-05-21 00:56:24.263958,2020,5,21,0,56,24,night
konstantin,2020-05-10 00:56:43.797923,2020,5,10,0,56,43,night
konstantin,2020-05-10 00:56:47.646246,2020,5,10,0,56,47,night
pavel,2020-05-11 01:04:51.425036,2020,5,11,1,4,51,night
pavel,2020-05-11 01:04:58.268566,2020,5,11,1,4,58,night
pavel,2020-05-10 01:10:32.409346,2020,5,10,1,10,32,night
pavel,2020-05-10 01:10:38.746413,2020,5,10,1,10,38,night
pavel,2020-05-10 01:13:12.478146,2020,5,10,1,13,12,night
alexander,2020-05-15 01:13:14.559654,2020,5,15,1,13,14,night
pavel,2020-05-10 01:13:16.894736,2020,5,10,1,13,16,night
pavel,2020-05-10 01:13:22.272125,2020,5,10,1,13,22,night
konstantin,2020-05-10 01:13:46.947838,2020,5,10,1,13,46,night
konstantin,2020-05-10 01:13:50.827350,2020,5,10,1,13,50,night
konstantin,2020-05-10 01:13:54.322409,2020,5,10,1,13,54,night
pavel,2020-05-10 01:14:58.747475,2020,5,10,1,14,58,night
pavel,2020-05-10 01:15:03.425465,2020,5,10,1,15,3,night
pavel,2020-05-10 01:15:06.044037,2020,5,10,1,15,6,night
pavel,2020-05-10 01:15:11.422971,2020,5,10,1,15,11,night
pavel,2020-05-10 01:16:44.264272,2020,5,10,1,16,44,night
pavel,2020-05-10 01:16:46.986629,2020,5,10,1,16,46,night
pavel,2020-05-10 01:16:50.190107,2020,5,10,1,16,50,night
pavel,2020-05-10 01:17:43.921623,2020,5,10,1,17,43,night
pavel,2020-05-10 01:17:48.279211,2020,5,10,1,17,48,night
pavel,2020-05-10 01:17:51.813791,2020,5,10,1,17,51,night
pavel,2020-05-10 01:19:03.150784,2020,5,10,1,19,3,night
pavel,2020-05-10 01:19:05.534495,2020,5,10,1,19,5,night
pavel,2020-05-10 01:19:07.959108,2020,5,10,1,19,7,night
pavel,2020-05-10 01:19:10.022891,2020,5,10,1,19,10,night
pavel,2020-05-10 01:22:52.024114,2020,5,10,1,22,52,night
alexander,2020-05-15 01:23:22.504313,2020,5,15,1,23,22,night
alexander,2020-05-15 01:24:30.342494,2020,5,15,1,24,30,night
konstantin,2020-05-10 01:26:31.011056,2020,5,10,1,26,31,night
pavel,2020-05-10 01:26:46.106306,2020,5,10,1,26,46,night
pavel,2020-05-10 01:26:52.205761,2020,5,10,1,26,52,night
pavel,2020-05-10 01:28:55.202696,2020,5,10,1,28,55,night
pavel,2020-05-10 01:29:00.562990,2020,5,10,1,29,0,night
pavel,2020-05-10 01:29:03.914597,2020,5,10,1,29,3,night
pavel,2020-05-10 01:29:08.880411,2020,5,10,1,29,8,night
konstantin,2020-04-19 01:30:14.261893,2020,4,19,1,30,14,night
pavel,2020-05-10 01:30:28.860191,2020,5,10,1,30,28,night
pavel,2020-05-10 01:30:35.834496,2020,5,10,1,30,35,night
konstantin,2020-05-10 01:30:38.741412,2020,5,10,1,30,38,night
konstantin,2020-05-10 01:30:45.202624,2020,5,10,1,30,45,night
konstantin,2020-05-10 01:30:47.150204,2020,5,10,1,30,47,night
konstantin,2020-05-10 01:30:49.285091,2020,5,10,1,30,49,night
konstantin,2020-05-10 01:30:53.686263,2020,5,10,1,30,53,night
konstantin,2020-05-10 01:30:58.024185,2020,5,10,1,30,58,night
konstantin,2020-04-19 01:32:00.584633,2020,4,19,1,32,0,night
konstantin,2020-05-10 01:35:50.836028,2020,5,10,1,35,50,night
pavel,2020-05-10 01:39:20.521800,2020,5,10,1,39,20,night
nikolay,2020-04-23 01:43:46.508018,2020,4,23,1,43,46,night
nikolay,2020-04-23 01:43:49.885078,2020,4,23,1,43,49,night
valentina,2020-05-21 01:46:08.730098,2020,5,21,1,46,8,night
konstantin,2020-05-10 01:46:32.686772,2020,5,10,1,46,32,night
konstantin,2020-05-10 01:46:50.524508,2020,5,10,1,46,50,night
konstantin,2020-05-10 01:47:06.741491,2020,5,10,1,47,6,night
konstantin,2020-05-10 01:50:52.867948,2020,5,10,1,50,52,night
konstantin,2020-05-10 01:50:55.510693,2020,5,10,1,50,55,night
konstantin,2020-05-10 01:50:58.464695,2020,5,10,1,50,58,night
konstantin,2020-05-10 01:51:13.900542,2020,5,10,1,51,13,night
konstantin,2020-05-10 01:54:12.912076,2020,5,10,1,54,12,night
konstantin,2020-05-10 01:54:40.783564,2020,5,10,1,54,40,night
pavel,2020-05-21 01:57:58.652380,2020,5,21,1,57,58,night
konstantin,2020-05-10 02:15:45.523919,2020,5,10,2,15,45,night
konstantin,2020-04-19 03:23:35.471598,2020,4,19,3,23,35,night
konstantin,2020-04-19 03:23:55.473926,2020,4,19,3,23,55,night
konstantin,2020-04-19 03:33:07.757714,2020,4,19,3,33,7,night
konstantin,2020-05-10 04:08:53.496691,2020,5,10,4,8,53,early morning
konstantin,2020-05-10 04:09:13.217556,2020,5,10,4,9,13,early morning
konstantin,2020-05-10 04:09:36.095652,2020,5,10,4,9,36,early morning
konstantin,2020-05-10 04:31:14.776688,2020,5,10,4,31,14,early morning
konstantin,2020-05-10 04:31:41.164007,2020,5,10,4,31,41,early morning
alexander,2020-05-15 08:16:03.918402,2020,5,15,8,16,3,morning
alexander,2020-05-15 08:35:01.471463,2020,5,15,8,35,1,morning
alexander,2020-05-15 09:02:24.999438,2020,5,15,9,2,24,morning
konstantin,2020-04-30 09:06:01.439895,2020,4,30,9,6,1,morning
anatoliy,2020-05-19 09:13:15.881477,2020,5,19,9,13,15,morning
anatoliy,2020-05-19 09:13:21.011615,2020,5,19,9,13,21,morning
anatoliy,2020-05-14 09:36:17.149484,2020,5,14,9,36,17,morning
artem,2020-04-24 09:42:47.598208,2020,4,24,9,42,47,morning
anatoliy,2020-05-09 09:43:06.212562,2020,5,9,9,43,6,morning
maxim,2020-05-14 09:58:15.081748,2020,5,14,9,58,15,morning
konstantin,2020-05-16 10:02:08.925840,2020,5,16,10,2,8,morning
maxim,2020-05-14 10:08:04.832361,2020,5,14,10,8,4,morning
maxim,2020-05-14 10:08:05.726956,2020,5,14,10,8,5,morning
maxim,2020-05-14 10:08:08.606562,2020,5,14,10,8,8,morning
maxim,2020-05-14 10:08:11.717499,2020,5,14,10,8,11,morning
artem,2020-04-27 10:22:42.105617,2020,4,27,10,22,42,morning
konstantin,2020-05-02 10:33:38.502810,2020,5,2,10,33,38,morning
konstantin,2020-05-02 10:34:18.380508,2020,5,2,10,34,18,morning
konstantin,2020-05-02 10:34:57.121338,2020,5,2,10,34,57,morning
konstantin,2020-05-02 10:35:26.150913,2020,5,2,10,35,26,morning
artem,2020-05-22 10:36:14.662600,2020,5,22,10,36,14,morning
ekaterina,2020-05-20 10:37:24.496484,2020,5,20,10,37,24,morning
ekaterina,2020-05-20 10:37:37.838924,2020,5,20,10,37,37,morning
konstantin,2020-05-02 10:38:43.053090,2020,5,2,10,38,43,morning
konstantin,2020-04-29 10:41:11.110921,2020,4,29,10,41,11,morning
konstantin,2020-04-29 10:41:17.882561,2020,4,29,10,41,17,morning
aleksey,2020-04-22 10:45:25.601360,2020,4,22,10,45,25,morning
artem,2020-05-15 10:47:15.098331,2020,5,15,10,47,15,morning
konstantin,2020-04-19 10:48:18.715956,2020,4,19,10,48,18,morning
ekaterina,2020-05-20 10:51:13.167244,2020,5,20,10,51,13,morning
anatoliy,2020-05-08 10:53:47.123832,2020,5,8,10,53,47,morning
konstantin,2020-04-18 10:53:52.623447,2020,4,18,10,53,52,morning
maxim,2020-05-11 10:55:04.335091,2020,5,11,10,55,4,morning
maxim,2020-04-18 10:56:55.833899,2020,4,18,10,56,55,morning
konstantin,2020-05-09 10:56:59.161519,2020,5,9,10,56,59,morning
konstantin,2020-04-18 10:57:37.331258,2020,4,18,10,57,37,morning
artem,2020-05-01 11:02:12.343448,2020,5,1,11,2,12,afternoon
artem,2020-04-18 11:02:42.796521,2020,4,18,11,2,42,afternoon
artem,2020-04-21 11:02:44.545611,2020,4,21,11,2,44,afternoon
ekaterina,2020-05-20 11:03:02.776218,2020,5,20,11,3,2,afternoon
ekaterina,2020-05-20 11:06:02.308460,2020,5,20,11,6,2,afternoon
artem,2020-05-19 11:06:06.508671,2020,5,19,11,6,6,afternoon
ekaterina,2020-05-20 11:06:11.251261,2020,5,20,11,6,11,afternoon
aleksey,2020-04-22 11:07:51.370397,2020,4,22,11,7,51,afternoon
konstantin,2020-05-03 11:11:08.046018,2020,5,3,11,11,8,afternoon
konstantin,2020-05-03 11:11:42.932144,2020,5,3,11,11,42,afternoon
maxim,2020-05-11 11:12:26.903732,2020,5,11,11,12,26,afternoon
artem,2020-04-19 11:15:55.042662,2020,4,19,11,15,55,afternoon
konstantin,2020-05-11 11:20:32.750952,2020,5,11,11,20,32,afternoon
anatoliy,2020-05-11 11:22:21.614275,2020,5,11,11,22,21,afternoon
konstantin,2020-05-13 11:24:33.818083,2020,5,13,11,24,33,afternoon
alexander,2020-05-15 11:24:43.509570,2020,5,15,11,24,43,afternoon
konstantin,2020-05-10 11:31:27.370177,2020,5,10,11,31,27,afternoon
artem,2020-04-23 11:31:42.599737,2020,4,23,11,31,42,afternoon
ekaterina,2020-04-25 11:41:03.201654,2020,4,25,11,41,3,afternoon
anatoliy,2020-05-19 11:42:52.923123,2020,5,19,11,42,52,afternoon
valentina,2020-05-12 11:52:19.962204,2020,5,12,11,52,19,afternoon
anatoliy,2020-05-19 11:53:36.247138,2020,5,19,11,53,36,afternoon
konstantin,2020-05-03 11:54:39.683837,2020,5,3,11,54,39,afternoon
konstantin,2020-05-03 11:54:56.265527,2020,5,3,11,54,56,afternoon
konstantin,2020-05-03 11:55:06.633369,2020,5,3,11,55,6,afternoon
konstantin,2020-05-03 11:55:14.557949,2020,5,3,11,55,14,afternoon
konstantin,2020-05-03 11:55:20.663606,2020,5,3,11,55,20,afternoon
konstantin,2020-05-03 11:55:31.223293,2020,5,3,11,55,31,afternoon
konstantin,2020-05-03 11:55:35.103035,2020,5,3,11,55,35,afternoon
konstantin,2020-05-03 11:55:36.443992,2020,5,3,11,55,36,afternoon
konstantin,2020-05-08 11:55:39.274168,2020,5,8,11,55,39,afternoon
anatoliy,2020-05-19 11:55:47.392661,2020,5,19,11,55,47,afternoon
konstantin,2020-05-03 11:56:00.321973,2020,5,3,11,56,0,afternoon
konstantin,2020-05-10 11:56:16.795755,2020,5,10,11,56,16,afternoon
konstantin,2020-05-03 11:56:19.603859,2020,5,3,11,56,19,afternoon
konstantin,2020-05-03 11:56:42.563839,2020,5,3,11,56,42,afternoon
artem,2020-04-24 11:57:55.851961,2020,4,24,11,57,55,afternoon
artem,2020-04-24 11:58:07.723661,2020,4,24,11,58,7,afternoon
artem,2020-04-17 12:01:08.463179,2020,4,17,12,1,8,afternoon
artem,2020-04-17 12:01:23.743946,2020,4,17,12,1,23,afternoon
valentina,2020-05-13 12:03:10.187476,2020,5,13,12,3,10,afternoon
anatoliy,2020-05-19 12:04:10.045383,2020,5,19,12,4,10,afternoon
maxim,2020-04-18 12:05:48.200144,2020,4,18,12,5,48,afternoon
maxim,2020-04-18 12:06:13.237290,2020,4,18,12,6,13,afternoon
maxim,2020-04-18 12:06:35.574114,2020,4,18,12,6,35,afternoon
konstantin,2020-04-30 12:15:25.075338,2020,4,30,12,15,25,afternoon
ekaterina,2020-04-18 12:19:50.182714,2020,4,18,12,19,50,afternoon
konstantin,2020-05-10 12:24:43.560301,2020,5,10,12,24,43,afternoon
artem,2020-04-17 12:27:30.646665,2020,4,17,12,27,30,afternoon
konstantin,2020-05-10 12:27:38.956559,2020,5,10,12,27,38,afternoon
nikolay,2020-05-16 12:28:58.914991,2020,5,16,12,28,58,afternoon
nikolay,2020-05-16 12:29:39.899373,2020,5,16,12,29,39,afternoon
anatoliy,2020-05-08 12:33:02.440199,2020,5,8,12,33,2,afternoon
maxim,2020-05-21 12:33:32.521770,2020,5,21,12,33,32,afternoon
maxim,2020-05-21 12:33:32.812265,2020,5,21,12,33,32,afternoon
artem,2020-04-17 12:35:44.884757,2020,4,17,12,35,44,afternoon
artem,2020-04-17 12:35:52.735016,2020,4,17,12,35,52,afternoon
oksana,2020-04-17 12:36:21.401412,2020,4,17,12,36,21,afternoon
oksana,2020-04-17 12:36:22.023355,2020,4,17,12,36,22,afternoon
konstantin,2020-05-07 12:38:24.792196,2020,5,7,12,38,24,afternoon
konstantin,2020-04-30 12:47:16.278173,2020,4,30,12,47,16,afternoon
artem,2020-04-18 12:49:16.684426,2020,4,18,12,49,16,afternoon
anatoliy,2020-05-17 12:56:50.148196,2020,5,17,12,56,50,afternoon
valentina,2020-05-14 12:57:50.976130,2020,5,14,12,57,50,afternoon
maxim,2020-05-15 12:58:20.101444,2020,5,15,12,58,20,afternoon
pavel,2020-05-12 13:00:35.681339,2020,5,12,13,0,35,afternoon
pavel,2020-05-12 13:00:52.612270,2020,5,12,13,0,52,afternoon
maxim,2020-05-15 13:01:22.753180,2020,5,15,13,1,22,afternoon
konstantin,2020-04-19 13:05:53.139270,2020,4,19,13,5,53,afternoon
konstantin,2020-04-19 13:09:11.157680,2020,4,19,13,9,11,afternoon
pavel,2020-05-12 13:09:46.046282,2020,5,12,13,9,46,afternoon
konstantin,2020-04-19 13:09:52.639481,2020,4,19,13,9,52,afternoon
konstantin,2020-04-19 13:10:30.652264,2020,4,19,13,10,30,afternoon
oksana,2020-04-29 13:20:32.401990,2020,4,29,13,20,32,afternoon
oksana,2020-04-29 13:20:33.759963,2020,4,29,13,20,33,afternoon
maxim,2020-05-02 13:21:34.579038,2020,5,2,13,21,34,afternoon
maxim,2020-05-14 13:23:23.522089,2020,5,14,13,23,23,afternoon
maxim,2020-05-14 13:24:41.851541,2020,5,14,13,24,41,afternoon
maxim,2020-05-14 13:25:10.120897,2020,5,14,13,25,10,afternoon
pavel,2020-05-14 13:28:14.499594,2020,5,14,13,28,14,afternoon
pavel,2020-05-14 13:29:04.787251,2020,5,14,13,29,4,afternoon
pavel,2020-05-14 13:29:17.403985,2020,5,14,13,29,17,afternoon
valentina,2020-05-15 13:33:06.773357,2020,5,15,13,33,6,afternoon
pavel,2020-05-14 13:34:03.352291,2020,5,14,13,34,3,afternoon
pavel,2020-05-14 13:34:09.243136,2020,5,14,13,34,9,afternoon
pavel,2020-05-14 13:34:47.614619,2020,5,14,13,34,47,afternoon
valentina,2020-05-14 13:36:07.499254,2020,5,14,13,36,7,afternoon
konstantin,2020-05-03 13:38:27.590921,2020,5,3,13,38,27,afternoon
valentina,2020-05-15 13:38:34.833568,2020,5,15,13,38,34,afternoon
konstantin,2020-05-03 13:38:52.496163,2020,5,3,13,38,52,afternoon
pavel,2020-05-14 13:40:42.198503,2020,5,14,13,40,42,afternoon
pavel,2020-05-14 13:40:49.615877,2020,5,14,13,40,49,afternoon
pavel,2020-05-14 13:41:20.595864,2020,5,14,13,41,20,afternoon
artem,2020-05-09 13:43:07.772099,2020,5,9,13,43,7,afternoon
oksana,2020-04-29 13:44:51.538536,2020,4,29,13,44,51,afternoon
oksana,2020-04-29 13:44:52.790940,2020,4,29,13,44,52,afternoon
pavel,2020-05-14 13:46:28.240456,2020,5,14,13,46,28,afternoon
pavel,2020-05-14 13:46:34.001294,2020,5,14,13,46,34,afternoon
maxim,2020-05-18 13:48:42.652894,2020,5,18,13,48,42,afternoon
artem,2020-04-27 13:49:13.036173,2020,4,27,13,49,13,afternoon
artem,2020-05-13 13:52:20.814080,2020,5,13,13,52,20,afternoon
pavel,2020-05-14 13:53:19.104000,2020,5,14,13,53,19,afternoon
artem,2020-04-24 13:54:08.211864,2020,4,24,13,54,8,afternoon
maxim,2020-05-14 13:54:49.151237,2020,5,14,13,54,49,afternoon
artem,2020-04-17 13:55:19.129243,2020,4,17,13,55,19,afternoon
pavel,2020-05-14 13:56:00.934256,2020,5,14,13,56,0,afternoon
pavel,2020-05-14 13:56:07.734913,2020,5,14,13,56,7,afternoon
pavel,2020-05-14 13:56:12.714316,2020,5,14,13,56,12,afternoon
artem,2020-04-30 13:58:02.545268,2020,4,30,13,58,2,afternoon
pavel,2020-05-14 13:58:17.068451,2020,5,14,13,58,17,afternoon
pavel,2020-05-14 14:01:22.092575,2020,5,14,14,1,22,afternoon
pavel,2020-05-14 14:01:28.766576,2020,5,14,14,1,28,afternoon
pavel,2020-05-14 14:01:42.024471,2020,5,14,14,1,42,afternoon
pavel,2020-05-14 14:04:25.960912,2020,5,14,14,4,25,afternoon
pavel,2020-05-14 14:06:17.583807,2020,5,14,14,6,17,afternoon
pavel,2020-05-14 14:06:21.613604,2020,5,14,14,6,21,afternoon
pavel,2020-05-14 14:06:23.882731,2020,5,14,14,6,23,afternoon
pavel,2020-05-14 14:06:26.171741,2020,5,14,14,6,26,afternoon
pavel,2020-05-14 14:06:28.373526,2020,5,14,14,6,28,afternoon
pavel,2020-05-14 14:06:30.026803,2020,5,14,14,6,30,afternoon
pavel,2020-05-14 14:07:05.526638,2020,5,14,14,7,5,afternoon
valentina,2020-05-14 14:08:54.769525,2020,5,14,14,8,54,afternoon
pavel,2020-05-14 14:09:40.948124,2020,5,14,14,9,40,afternoon
pavel,2020-05-14 14:11:24.205739,2020,5,14,14,11,24,afternoon
pavel,2020-05-14 14:11:36.988297,2020,5,14,14,11,36,afternoon
alexander,2020-05-15 14:14:07.055576,2020,5,15,14,14,7,afternoon
valentina,2020-05-14 14:17:50.973348,2020,5,14,14,17,50,afternoon
valentina,2020-05-14 14:21:25.143549,2020,5,14,14,21,25,afternoon
valentina,2020-05-14 14:21:31.663319,2020,5,14,14,21,31,afternoon
valentina,2020-05-14 14:21:37.452684,2020,5,14,14,21,37,afternoon
valentina,2020-05-14 14:21:58.709002,2020,5,14,14,21,58,afternoon
valentina,2020-05-14 14:23:11.976113,2020,5,14,14,23,11,afternoon
valentina,2020-05-14 14:23:17.522523,2020,5,14,14,23,17,afternoon
valentina,2020-05-14 14:25:59.895306,2020,5,14,14,25,59,afternoon
valentina,2020-05-14 14:26:03.416612,2020,5,14,14,26,3,afternoon
ekaterina,2020-05-04 14:31:38.856162,2020,5,4,14,31,38,afternoon
konstantin,2020-04-30 14:32:41.943379,2020,4,30,14,32,41,afternoon
konstantin,2020-04-30 14:32:57.079409,2020,4,30,14,32,57,afternoon
konstantin,2020-04-30 14:33:25.377507,2020,4,30,14,33,25,afternoon
ekaterina,2020-05-19 14:39:32.567125,2020,5,19,14,39,32,afternoon
valentina,2020-05-12 14:40:13.368051,2020,5,12,14,40,13,afternoon
ekaterina,2020-05-19 14:42:02.170402,2020,5,19,14,42,2,afternoon
valentina,2020-05-14 14:44:33.998449,2020,5,14,14,44,33,afternoon
valentina,2020-05-14 14:44:37.002776,2020,5,14,14,44,37,afternoon
valentina,2020-05-14 14:44:45.765220,2020,5,14,14,44,45,afternoon
valentina,2020-05-14 14:44:48.800876,2020,5,14,14,44,48,afternoon
valentina,2020-05-14 14:45:00.572882,2020,5,14,14,45,0,afternoon
valentina,2020-05-14 14:50:02.397905,2020,5,14,14,50,2,afternoon
valentina,2020-05-14 14:50:07.705543,2020,5,14,14,50,7,afternoon
valentina,2020-05-14 14:50:33.142192,2020,5,14,14,50,33,afternoon
valentina,2020-05-13 14:57:34.394203,2020,5,13,14,57,34,afternoon
valentina,2020-05-13 14:57:38.264683,2020,5,13,14,57,38,afternoon
valentina,2020-05-13 14:58:20.657297,2020,5,13,14,58,20,afternoon
valentina,2020-05-14 14:58:44.790853,2020,5,14,14,58,44,afternoon
maxim,2020-04-30 15:00:18.929267,2020,4,30,15,0,18,afternoon
artem,2020-04-17 15:00:33.138530,2020,4,17,15,0,33,afternoon
aleksey,2020-05-15 15:01:23.247104,2020,5,15,15,1,23,afternoon
maxim,2020-05-14 15:02:03.660900,2020,5,14,15,2,3,afternoon
maxim,2020-05-14 15:02:11.751622,2020,5,14,15,2,11,afternoon
maxim,2020-05-14 15:02:12.755151,2020,5,14,15,2,12,afternoon
artem,2020-04-17 15:14:09.581054,2020,4,17,15,14,9,afternoon
maxim,2020-05-14 15:19:15.628677,2020,5,14,15,19,15,afternoon
artem,2020-04-22 15:21:51.907607,2020,4,22,15,21,51,afternoon
alexander,2020-05-20 15:24:14.569644,2020,5,20,15,24,14,afternoon
ekaterina,2020-05-14 15:24:36.709632,2020,5,14,15,24,36,afternoon
valentina,2020-05-14 15:28:05.075200,2020,5,14,15,28,5,afternoon
valentina,2020-05-14 15:28:07.092510,2020,5,14,15,28,7,afternoon
artem,2020-05-08 15:29:46.025589,2020,5,8,15,29,46,afternoon
artem,2020-05-12 15:34:07.358658,2020,5,12,15,34,7,afternoon
nikolay,2020-05-01 15:36:34.327319,2020,5,1,15,36,34,afternoon
nikolay,2020-05-01 15:36:41.033597,2020,5,1,15,36,41,afternoon
anatoliy,2020-05-11 15:39:38.220003,2020,5,11,15,39,38,afternoon
anatoliy,2020-05-11 15:39:57.277993,2020,5,11,15,39,57,afternoon
anatoliy,2020-05-11 15:39:59.431350,2020,5,11,15,39,59,afternoon
anatoliy,2020-05-11 15:40:01.264372,2020,5,11,15,40,1,afternoon
anatoliy,2020-05-11 15:40:03.180944,2020,5,11,15,40,3,afternoon
anatoliy,2020-05-11 15:40:05.749912,2020,5,11,15,40,5,afternoon
anatoliy,2020-05-11 15:40:07.301023,2020,5,11,15,40,7,afternoon
anatoliy,2020-05-11 15:40:11.163468,2020,5,11,15,40,11,afternoon
anatoliy,2020-05-11 15:40:15.703240,2020,5,11,15,40,15,afternoon
anatoliy,2020-05-11 15:44:13.086030,2020,5,11,15,44,13,afternoon
anatoliy,2020-05-11 15:45:56.419327,2020,5,11,15,45,56,afternoon
anatoliy,2020-05-11 15:46:00.116088,2020,5,11,15,46,0,afternoon
anatoliy,2020-05-11 15:46:07.958291,2020,5,11,15,46,7,afternoon
anatoliy,2020-05-11 15:46:14.814452,2020,5,11,15,46,14,afternoon
anatoliy,2020-05-11 15:46:22.457882,2020,5,11,15,46,22,afternoon
anatoliy,2020-05-11 15:46:38.104112,2020,5,11,15,46,38,afternoon
anatoliy,2020-05-11 15:46:58.955715,2020,5,11,15,46,58,afternoon
maxim,2020-05-13 15:50:54.863783,2020,5,13,15,50,54,afternoon
anatoliy,2020-05-12 15:50:57.570044,2020,5,12,15,50,57,afternoon
anatoliy,2020-05-12 15:53:11.160281,2020,5,12,15,53,11,afternoon
anatoliy,2020-05-12 15:53:13.945083,2020,5,12,15,53,13,afternoon
valentina,2020-05-13 15:54:46.118105,2020,5,13,15,54,46,afternoon
valentina,2020-05-13 15:54:53.554749,2020,5,13,15,54,53,afternoon
valentina,2020-05-13 15:55:02.097235,2020,5,13,15,55,2,afternoon
valentina,2020-05-13 15:55:12.712350,2020,5,13,15,55,12,afternoon
valentina,2020-05-13 15:55:17.533004,2020,5,13,15,55,17,afternoon
valentina,2020-05-13 15:55:56.839182,2020,5,13,15,55,56,afternoon
artem,2020-05-07 15:56:04.833584,2020,5,7,15,56,4,afternoon
konstantin,2020-05-14 15:57:53.426257,2020,5,14,15,57,53,afternoon
konstantin,2020-05-14 15:58:19.618073,2020,5,14,15,58,19,afternoon
valentina,2020-05-13 15:58:44.817283,2020,5,13,15,58,44,afternoon
valentina,2020-05-13 15:58:49.480100,2020,5,13,15,58,49,afternoon
valentina,2020-05-13 15:59:03.579611,2020,5,13,15,59,3,afternoon
valentina,2020-05-13 15:59:15.508049,2020,5,13,15,59,15,afternoon
valentina,2020-05-13 16:01:54.273019,2020,5,13,16,1,54,afternoon
artem,2020-05-11 16:02:16.638119,2020,5,11,16,2,16,afternoon
konstantin,2020-05-14 16:03:16.914266,2020,5,14,16,3,16,afternoon
valentina,2020-05-13 16:03:40.083246,2020,5,13,16,3,40,afternoon
valentina,2020-05-13 16:03:50.650398,2020,5,13,16,3,50,afternoon
valentina,2020-05-13 16:04:05.360117,2020,5,13,16,4,5,afternoon
valentina,2020-05-13 16:04:18.517315,2020,5,13,16,4,18,afternoon
valentina,2020-05-13 16:05:48.123454,2020,5,13,16,5,48,afternoon
valentina,2020-05-13 16:05:55.576233,2020,5,13,16,5,55,afternoon
valentina,2020-05-13 16:06:05.354210,2020,5,13,16,6,5,afternoon
valentina,2020-05-13 16:06:14.837747,2020,5,13,16,6,14,afternoon
valentina,2020-05-13 16:06:29.058653,2020,5,13,16,6,29,afternoon
artem,2020-04-19 16:06:37.162352,2020,4,19,16,6,37,afternoon
valentina,2020-05-13 16:07:31.289890,2020,5,13,16,7,31,afternoon
valentina,2020-05-13 16:09:24.155007,2020,5,13,16,9,24,afternoon
valentina,2020-05-13 16:09:35.346437,2020,5,13,16,9,35,afternoon
valentina,2020-05-13 16:09:47.908107,2020,5,13,16,9,47,afternoon
maxim,2020-05-14 16:15:14.902117,2020,5,14,16,15,14,afternoon
konstantin,2020-04-30 16:15:29.506808,2020,4,30,16,15,29,afternoon
valentina,2020-05-13 16:18:27.616365,2020,5,13,16,18,27,afternoon
valentina,2020-05-13 16:18:43.656255,2020,5,13,16,18,43,afternoon
valentina,2020-05-13 16:19:10.947353,2020,5,13,16,19,10,afternoon
valentina,2020-05-13 16:19:13.451174,2020,5,13,16,19,13,afternoon
valentina,2020-05-13 16:19:16.122213,2020,5,13,16,19,16,afternoon
valentina,2020-05-13 16:19:38.235127,2020,5,13,16,19,38,afternoon
artem,2020-04-26 16:20:11.492246,2020,4,26,16,20,11,afternoon
valentina,2020-05-13 16:24:47.434799,2020,5,13,16,24,47,afternoon
oksana,2020-05-14 16:25:45.433127,2020,5,14,16,25,45,afternoon
oksana,2020-05-14 16:25:46.072530,2020,5,14,16,25,46,afternoon
valentina,2020-05-13 16:27:34.240173,2020,5,13,16,27,34,afternoon
ekaterina,2020-05-21 16:28:28.217529,2020,5,21,16,28,28,afternoon
ekaterina,2020-05-14 16:29:34.677307,2020,5,14,16,29,34,afternoon
artem,2020-05-14 16:35:34.498213,2020,5,14,16,35,34,afternoon
ekaterina,2020-05-21 16:36:40.915488,2020,5,21,16,36,40,afternoon
anatoliy,2020-05-09 16:40:08.754428,2020,5,9,16,40,8,afternoon
alexander,2020-05-17 16:49:42.644164,2020,5,17,16,49,42,afternoon
alexander,2020-05-17 16:51:16.050701,2020,5,17,16,51,16,afternoon
vladislav,2020-04-29 16:51:21.877630,2020,4,29,16,51,21,afternoon
artem,2020-04-29 16:51:36.397066,2020,4,29,16,51,36,afternoon
pavel,2020-05-14 16:52:27.742494,2020,5,14,16,52,27,afternoon
pavel,2020-05-11 16:54:32.791909,2020,5,11,16,54,32,afternoon
pavel,2020-05-14 16:54:44.935022,2020,5,14,16,54,44,afternoon
pavel,2020-05-11 16:54:51.407866,2020,5,11,16,54,51,afternoon
pavel,2020-05-14 16:54:56.803120,2020,5,14,16,54,56,afternoon
maxim,2020-05-19 16:55:39.793823,2020,5,19,16,55,39,afternoon
artem,2020-04-22 16:56:12.848579,2020,4,22,16,56,12,afternoon
pavel,2020-05-14 16:57:03.848299,2020,5,14,16,57,3,afternoon
pavel,2020-05-20 17:03:01.606846,2020,5,20,17,3,1,early evening
pavel,2020-05-13 17:03:02.929629,2020,5,13,17,3,2,early evening
pavel,2020-05-13 17:03:18.094528,2020,5,13,17,3,18,early evening
pavel,2020-05-13 17:05:16.871328,2020,5,13,17,5,16,early evening
artem,2020-04-23 17:09:23.207865,2020,4,23,17,9,23,early evening
pavel,2020-05-20 17:10:26.636095,2020,5,20,17,10,26,early evening
pavel,2020-05-13 17:13:52.477293,2020,5,13,17,13,52,early evening
pavel,2020-05-13 17:14:01.098533,2020,5,13,17,14,1,early evening
pavel,2020-05-13 17:14:04.566458,2020,5,13,17,14,4,early evening
ekaterina,2020-05-14 17:14:08.014705,2020,5,14,17,14,8,early evening
pavel,2020-05-13 17:14:34.067153,2020,5,13,17,14,34,early evening
pavel,2020-05-13 17:14:49.837479,2020,5,13,17,14,49,early evening
valentina,2020-05-14 17:15:28.221940,2020,5,14,17,15,28,early evening
pavel,2020-05-12 17:15:58.891168,2020,5,12,17,15,58,early evening
pavel,2020-05-11 17:16:29.140525,2020,5,11,17,16,29,early evening
pavel,2020-05-11 17:16:32.764539,2020,5,11,17,16,32,early evening
pavel,2020-05-11 17:16:36.314721,2020,5,11,17,16,36,early evening
pavel,2020-05-11 17:16:40.405535,2020,5,11,17,16,40,early evening
pavel,2020-05-11 17:16:58.519642,2020,5,11,17,16,58,early evening
pavel,2020-05-11 17:17:16.347818,2020,5,11,17,17,16,early evening
pavel,2020-05-11 17:17:36.974877,2020,5,11,17,17,36,early evening
valentina,2020-05-12 17:17:59.909379,2020,5,12,17,17,59,early evening
pavel,2020-05-11 17:18:04.201056,2020,5,11,17,18,4,early evening
konstantin,2020-04-19 17:19:37.850143,2020,4,19,17,19,37,early evening
pavel,2020-05-14 17:21:40.614408,2020,5,14,17,21,40,early evening
pavel,2020-05-14 17:21:47.795843,2020,5,14,17,21,47,early evening
pavel,2020-05-14 17:21:54.058870,2020,5,14,17,21,54,early evening
pavel,2020-05-14 17:21:58.436699,2020,5,14,17,21,58,early evening
pavel,2020-05-14 17:22:03.849308,2020,5,14,17,22,3,early evening
pavel,2020-05-14 17:22:08.764333,2020,5,14,17,22,8,early evening
pavel,2020-05-14 17:22:12.748590,2020,5,14,17,22,12,early evening
pavel,2020-05-14 17:22:27.052024,2020,5,14,17,22,27,early evening
pavel,2020-05-14 17:31:23.771010,2020,5,14,17,31,23,early evening
pavel,2020-05-12 17:32:08.400098,2020,5,12,17,32,8,early evening
valentina,2020-05-12 17:33:53.097676,2020,5,12,17,33,53,early evening
maxim,2020-05-19 17:34:34.156705,2020,5,19,17,34,34,early evening
pavel,2020-05-14 17:35:00.905406,2020,5,14,17,35,0,early evening
pavel,2020-05-14 17:35:10.750241,2020,5,14,17,35,10,early evening
pavel,2020-05-14 17:35:14.488902,2020,5,14,17,35,14,early evening
pavel,2020-05-14 17:35:15.701229,2020,5,14,17,35,15,early evening
pavel,2020-05-14 17:35:22.007862,2020,5,14,17,35,22,early evening
pavel,2020-05-14 17:35:24.833856,2020,5,14,17,35,24,early evening
maxim,2020-05-17 17:39:50.896297,2020,5,17,17,39,50,early evening
valentina,2020-05-12 17:42:26.025666,2020,5,12,17,42,26,early evening
pavel,2020-05-20 17:43:17.804904,2020,5,20,17,43,17,early evening
valentina,2020-05-13 17:45:06.105963,2020,5,13,17,45,6,early evening
ekaterina,2020-05-15 17:45:07.023851,2020,5,15,17,45,7,early evening
artem,2020-04-18 17:45:27.234821,2020,4,18,17,45,27,early evening
anatoliy,2020-05-09 17:48:06.873140,2020,5,9,17,48,6,early evening
anatoliy,2020-05-09 17:48:16.356564,2020,5,9,17,48,16,early evening
anatoliy,2020-05-09 17:49:34.972160,2020,5,9,17,49,34,early evening
maxim,2020-05-21 17:49:36.429237,2020,5,21,17,49,36,early evening
konstantin,2020-05-09 17:49:59.034945,2020,5,9,17,49,59,early evening
konstantin,2020-05-09 17:50:05.107143,2020,5,9,17,50,5,early evening
konstantin,2020-05-09 17:50:10.186035,2020,5,9,17,50,10,early evening
konstantin,2020-05-09 17:50:15.273406,2020,5,9,17,50,15,early evening
maxim,2020-05-14 17:50:45.663653,2020,5,14,17,50,45,early evening
anatoliy,2020-05-09 17:50:49.661389,2020,5,9,17,50,49,early evening
anatoliy,2020-05-09 17:50:57.675543,2020,5,9,17,50,57,early evening
anatoliy,2020-05-09 17:51:15.290876,2020,5,9,17,51,15,early evening
valentina,2020-05-12 17:52:30.732240,2020,5,12,17,52,30,early evening
pavel,2020-05-20 17:52:59.152339,2020,5,20,17,52,59,early evening
maxim,2020-05-14 17:53:28.956683,2020,5,14,17,53,28,early evening
valentina,2020-05-12 17:54:22.510920,2020,5,12,17,54,22,early evening
maxim,2020-05-14 17:58:59.234848,2020,5,14,17,58,59,early evening
valentina,2020-05-14 18:03:35.120601,2020,5,14,18,3,35,early evening
artem,2020-04-19 18:04:06.516230,2020,4,19,18,4,6,early evening
artem,2020-05-10 18:06:08.797709,2020,5,10,18,6,8,early evening
maxim,2020-04-26 18:11:53.804713,2020,4,26,18,11,53,early evening
konstantin,2020-04-18 18:14:53.813657,2020,4,18,18,14,53,early evening
konstantin,2020-04-18 18:20:05.419381,2020,4,18,18,20,5,early evening
konstantin,2020-04-18 18:20:32.196892,2020,4,18,18,20,32,early evening
konstantin,2020-04-18 18:20:37.860671,2020,4,18,18,20,37,early evening
anatoliy,2020-05-12 18:21:28.814220,2020,5,12,18,21,28,early evening
maxim,2020-05-14 18:24:52.696044,2020,5,14,18,24,52,early evening
konstantin,2020-04-18 18:24:59.632526,2020,4,18,18,24,59,early evening
anatoliy,2020-05-09 18:26:31.866636,2020,5,9,18,26,31,early evening
pavel,2020-05-13 18:27:04.040569,2020,5,13,18,27,4,early evening
valentina,2020-05-14 18:27:07.226884,2020,5,14,18,27,7,early evening
valentina,2020-05-12 18:28:08.501152,2020,5,12,18,28,8,early evening
valentina,2020-05-13 18:29:14.513364,2020,5,13,18,29,14,early evening
valentina,2020-05-13 18:29:26.164790,2020,5,13,18,29,26,early evening
konstantin,2020-05-10 18:31:56.552227,2020,5,10,18,31,56,early evening
valentina,2020-05-14 18:33:26.512104,2020,5,14,18,33,26,early evening
konstantin,2020-05-10 18:36:01.362021,2020,5,10,18,36,1,early evening
konstantin,2020-05-10 18:36:05.193459,2020,5,10,18,36,5,early evening
valentina,2020-05-17 18:36:42.270507,2020,5,17,18,36,42,early evening
nikolay,2020-05-01 18:41:17.601397,2020,5,1,18,41,17,early evening
anatoliy,2020-05-08 18:44:41.645975,2020,5,8,18,44,41,early evening
valentina,2020-05-12 18:44:47.861398,2020,5,12,18,44,47,early evening
pavel,2020-05-12 18:45:20.046815,2020,5,12,18,45,20,early evening
valentina,2020-05-21 18:45:20.441142,2020,5,21,18,45,20,early evening
pavel,2020-05-12 18:45:31.786535,2020,5,12,18,45,31,early evening
anatoliy,2020-05-10 18:49:03.674379,2020,5,10,18,49,3,early evening
anatoliy,2020-05-10 18:49:12.193282,2020,5,10,18,49,12,early evening
anatoliy,2020-05-10 18:49:14.530603,2020,5,10,18,49,14,early evening
anatoliy,2020-05-10 18:49:19.950108,2020,5,10,18,49,19,early evening
anatoliy,2020-05-10 18:49:23.523689,2020,5,10,18,49,23,early evening
konstantin,2020-04-18 18:50:15.409435,2020,4,18,18,50,15,early evening
alexander,2020-05-07 18:51:12.029577,2020,5,7,18,51,12,early evening
konstantin,2020-04-29 18:53:34.570761,2020,4,29,18,53,34,early evening
valentina,2020-05-13 18:53:52.464923,2020,5,13,18,53,52,early evening
valentina,2020-05-11 18:55:11.969027,2020,5,11,18,55,11,early evening
konstantin,2020-04-23 18:58:54.114823,2020,4,23,18,58,54,early evening
konstantin,2020-04-23 18:58:55.826644,2020,4,23,18,58,55,early evening
konstantin,2020-04-23 18:59:20.330875,2020,4,23,18,59,20,early evening
artem,2020-04-23 19:02:27.738957,2020,4,23,19,2,27,early evening
pavel,2020-05-13 19:03:02.470948,2020,5,13,19,3,2,early evening
pavel,2020-05-13 19:03:18.034637,2020,5,13,19,3,18,early evening
maxim,2020-04-21 19:04:25.970852,2020,4,21,19,4,25,early evening
artem,2020-04-30 19:04:34.184401,2020,4,30,19,4,34,early evening
no-reply,2020-04-28 19:09:01.362373,2020,4,28,19,9,1,early evening
oksana,2020-04-28 19:09:27.328084,2020,4,28,19,9,27,early evening
oksana,2020-04-28 19:09:28.006771,2020,4,28,19,9,28,early evening
anatoliy,2020-05-14 19:18:23.960032,2020,5,14,19,18,23,early evening
oksana,2020-04-28 19:19:43.942895,2020,4,28,19,19,43,early evening
oksana,2020-04-28 19:19:45.352651,2020,4,28,19,19,45,early evening
artem,2020-04-18 19:20:27.487265,2020,4,18,19,20,27,early evening
valentina,2020-05-13 19:20:38.030926,2020,5,13,19,20,38,early evening
artem,2020-04-22 19:22:40.931046,2020,4,22,19,22,40,early evening
valentina,2020-05-14 19:24:41.893544,2020,5,14,19,24,41,early evening
konstantin,2020-05-12 19:26:55.499234,2020,5,12,19,26,55,early evening
alexander,2020-04-30 19:29:01.831635,2020,4,30,19,29,1,early evening
maxim,2020-05-12 19:31:22.618018,2020,5,12,19,31,22,early evening
konstantin,2020-05-10 19:32:32.684838,2020,5,10,19,32,32,early evening
maxim,2020-05-12 19:33:08.119747,2020,5,12,19,33,8,early evening
valentina,2020-05-14 19:40:32.789611,2020,5,14,19,40,32,early evening
ekaterina,2020-05-14 19:41:07.051866,2020,5,14,19,41,7,early evening
oksana,2020-04-29 19:42:12.692595,2020,4,29,19,42,12,early evening
oksana,2020-04-29 19:42:13.266750,2020,4,29,19,42,13,early evening
valentina,2020-05-14 19:42:30.497188,2020,5,14,19,42,30,early evening
valentina,2020-05-14 19:42:35.380503,2020,5,14,19,42,35,early evening
valentina,2020-05-14 19:42:37.096475,2020,5,14,19,42,37,early evening
valentina,2020-05-14 19:42:43.569906,2020,5,14,19,42,43,early evening
valentina,2020-05-14 19:42:49.817098,2020,5,14,19,42,49,early evening
artem,2020-05-04 19:43:35.988972,2020,5,4,19,43,35,early evening
oksana,2020-05-11 19:47:20.288269,2020,5,11,19,47,20,early evening
oksana,2020-05-11 19:47:20.910596,2020,5,11,19,47,20,early evening
pavel,2020-05-10 19:48:50.488076,2020,5,10,19,48,50,early evening
valentina,2020-05-14 19:50:10.027712,2020,5,14,19,50,10,early evening
anatoliy,2020-05-08 19:51:56.401401,2020,5,8,19,51,56,early evening
anatoliy,2020-05-08 19:52:06.119989,2020,5,8,19,52,6,early evening
konstantin,2020-05-12 19:52:18.190983,2020,5,12,19,52,18,early evening
anatoliy,2020-05-08 19:53:28.937471,2020,5,8,19,53,28,early evening
valentina,2020-05-13 19:55:52.386379,2020,5,13,19,55,52,early evening
valentina,2020-05-13 20:00:22.994929,2020,5,13,20,0,22,evening
valentina,2020-05-13 20:00:26.683710,2020,5,13,20,0,26,evening
valentina,2020-05-13 20:00:59.235948,2020,5,13,20,0,59,evening
anatoliy,2020-05-12 20:02:54.315069,2020,5,12,20,2,54,evening
konstantin,2020-05-12 20:04:20.413100,2020,5,12,20,4,20,evening
anatoliy,2020-05-08 20:04:57.443877,2020,5,8,20,4,57,evening
anatoliy,2020-05-08 20:05:00.090490,2020,5,8,20,5,0,evening
anatoliy,2020-05-08 20:05:13.939508,2020,5,8,20,5,13,evening
anatoliy,2020-05-08 20:05:23.305261,2020,5,8,20,5,23,evening
anatoliy,2020-05-08 20:05:37.807530,2020,5,8,20,5,37,evening
anatoliy,2020-05-08 20:06:09.798781,2020,5,8,20,6,9,evening
anatoliy,2020-05-08 20:06:12.200280,2020,5,8,20,6,12,evening
anatoliy,2020-05-08 20:07:39.054781,2020,5,8,20,7,39,evening
anatoliy,2020-05-08 20:07:42.113656,2020,5,8,20,7,42,evening
anatoliy,2020-05-13 20:07:49.468567,2020,5,13,20,7,49,evening
pavel,2020-05-18 20:08:12.092958,2020,5,18,20,8,12,evening
anatoliy,2020-05-08 20:08:32.971644,2020,5,8,20,8,32,evening
valentina,2020-05-17 20:08:57.135883,2020,5,17,20,8,57,evening
valentina,2020-05-17 20:10:42.112017,2020,5,17,20,10,42,evening
valentina,2020-05-13 20:11:31.927697,2020,5,13,20,11,31,evening
valentina,2020-05-13 20:11:47.823468,2020,5,13,20,11,47,evening
valentina,2020-05-13 20:12:08.367717,2020,5,13,20,12,8,evening
konstantin,2020-05-11 20:12:31.201969,2020,5,11,20,12,31,evening
valentina,2020-05-14 20:13:10.905408,2020,5,14,20,13,10,evening
artem,2020-04-21 20:14:31.802111,2020,4,21,20,14,31,evening
artem,2020-04-21 20:14:34.656007,2020,4,21,20,14,34,evening
anatoliy,2020-05-14 20:21:14.973628,2020,5,14,20,21,14,evening
anatoliy,2020-05-09 20:21:34.867684,2020,5,9,20,21,34,evening
anatoliy,2020-05-09 20:21:38.924627,2020,5,9,20,21,38,evening
anatoliy,2020-05-08 20:22:20.338313,2020,5,8,20,22,20,evening
valentina,2020-05-13 20:26:16.404251,2020,5,13,20,26,16,evening
alexander,2020-05-05 20:26:32.894852,2020,5,5,20,26,32,evening
valentina,2020-05-13 20:26:55.752068,2020,5,13,20,26,55,evening
maxim,2020-04-21 20:30:38.034966,2020,4,21,20,30,38,evening
vladislav,2020-05-09 20:30:47.034282,2020,5,9,20,30,47,evening
artem,2020-04-21 20:38:02.865051,2020,4,21,20,38,2,evening
anatoliy,2020-05-08 20:40:09.458037,2020,5,8,20,40,9,evening
anatoliy,2020-05-08 20:40:11.765174,2020,5,8,20,40,11,evening
anatoliy,2020-05-08 20:41:29.315172,2020,5,8,20,41,29,evening
anatoliy,2020-05-08 20:41:33.149673,2020,5,8,20,41,33,evening
anatoliy,2020-05-08 20:42:30.158334,2020,5,8,20,42,30,evening
anatoliy,2020-05-08 20:43:43.793707,2020,5,8,20,43,43,evening
artem,2020-05-11 20:46:32.301105,2020,5,11,20,46,32,evening
artem,2020-05-14 20:47:21.310206,2020,5,14,20,47,21,evening
maxim,2020-05-18 20:47:36.971195,2020,5,18,20,47,36,evening
valentina,2020-05-13 20:49:17.247445,2020,5,13,20,49,17,evening
anatoliy,2020-05-08 20:49:18.117838,2020,5,8,20,49,18,evening
pavel,2020-05-11 20:52:43.616221,2020,5,11,20,52,43,evening
konstantin,2020-05-12 20:53:27.451969,2020,5,12,20,53,27,evening
konstantin,2020-05-12 20:54:22.101391,2020,5,12,20,54,22,evening
anatoliy,2020-05-10 20:54:37.239011,2020,5,10,20,54,37,evening
anatoliy,2020-05-10 20:54:43.384645,2020,5,10,20,54,43,evening
anatoliy,2020-05-10 20:54:46.479248,2020,5,10,20,54,46,evening
anatoliy,2020-05-10 20:54:52.423604,2020,5,10,20,54,52,evening
anatoliy,2020-05-10 20:55:01.611763,2020,5,10,20,55,1,evening
anatoliy,2020-05-10 20:55:10.105278,2020,5,10,20,55,10,evening
anatoliy,2020-05-10 20:55:14.344287,2020,5,10,20,55,14,evening
anatoliy,2020-05-10 20:55:25.856498,2020,5,10,20,55,25,evening
anatoliy,2020-05-10 20:55:29.710438,2020,5,10,20,55,29,evening
anatoliy,2020-05-10 20:56:12.914896,2020,5,10,20,56,12,evening
pavel,2020-05-12 20:57:47.398099,2020,5,12,20,57,47,evening
pavel,2020-05-12 20:58:03.541088,2020,5,12,20,58,3,evening
anatoliy,2020-05-10 20:58:04.038189,2020,5,10,20,58,4,evening
maxim,2020-05-12 20:59:32.327502,2020,5,12,20,59,32,evening
maxim,2020-05-12 21:00:24.653252,2020,5,12,21,0,24,evening
konstantin,2020-04-18 21:01:33.970629,2020,4,18,21,1,33,evening
anatoliy,2020-05-08 21:02:16.868785,2020,5,8,21,2,16,evening
anatoliy,2020-05-08 21:02:19.211062,2020,5,8,21,2,19,evening
anatoliy,2020-05-08 21:02:22.271979,2020,5,8,21,2,22,evening
anatoliy,2020-05-08 21:02:27.651755,2020,5,8,21,2,27,evening
anatoliy,2020-05-08 21:02:33.272013,2020,5,8,21,2,33,evening
anatoliy,2020-05-08 21:03:00.767602,2020,5,8,21,3,0,evening
valentina,2020-05-13 21:06:12.870284,2020,5,13,21,6,12,evening
konstantin,2020-04-18 21:06:16.842414,2020,4,18,21,6,16,evening
valentina,2020-05-13 21:06:16.428175,2020,5,13,21,6,16,evening
anatoliy,2020-05-12 21:07:23.929789,2020,5,12,21,7,23,evening
anatoliy,2020-05-12 21:07:27.575317,2020,5,12,21,7,27,evening
anatoliy,2020-05-12 21:07:29.208033,2020,5,12,21,7,29,evening
anatoliy,2020-05-12 21:07:31.021189,2020,5,12,21,7,31,evening
anatoliy,2020-05-12 21:07:33.976381,2020,5,12,21,7,33,evening
anatoliy,2020-05-12 21:07:37.002494,2020,5,12,21,7,37,evening
anatoliy,2020-05-12 21:07:39.337474,2020,5,12,21,7,39,evening
anatoliy,2020-05-12 21:07:43.022254,2020,5,12,21,7,43,evening
anatoliy,2020-05-12 21:07:45.655777,2020,5,12,21,7,45,evening
anatoliy,2020-05-12 21:07:47.729574,2020,5,12,21,7,47,evening
valentina,2020-05-10 21:07:50.350946,2020,5,10,21,7,50,evening
anatoliy,2020-05-12 21:07:50.250592,2020,5,12,21,7,50,evening
anatoliy,2020-05-12 21:07:52.848602,2020,5,12,21,7,52,evening
anatoliy,2020-05-12 21:07:54.527336,2020,5,12,21,7,54,evening
anatoliy,2020-05-12 21:07:56.883296,2020,5,12,21,7,56,evening
valentina,2020-05-13 21:08:33.709031,2020,5,13,21,8,33,evening
valentina,2020-05-17 21:08:35.452623,2020,5,17,21,8,35,evening
valentina,2020-05-13 21:08:36.059948,2020,5,13,21,8,36,evening
valentina,2020-05-13 21:08:45.740772,2020,5,13,21,8,45,evening
valentina,2020-05-13 21:09:27.292152,2020,5,13,21,9,27,evening
valentina,2020-05-13 21:11:03.189829,2020,5,13,21,11,3,evening
valentina,2020-05-13 21:11:10.931823,2020,5,13,21,11,10,evening
valentina,2020-05-13 21:11:16.687550,2020,5,13,21,11,16,evening
valentina,2020-05-13 21:11:36.962409,2020,5,13,21,11,36,evening
valentina,2020-05-13 21:14:15.115028,2020,5,13,21,14,15,evening
anatoliy,2020-05-11 21:14:35.116210,2020,5,11,21,14,35,evening
anatoliy,2020-05-11 21:14:42.738456,2020,5,11,21,14,42,evening
konstantin,2020-04-18 21:14:43.989325,2020,4,18,21,14,43,evening
valentina,2020-05-13 21:14:44.836424,2020,5,13,21,14,44,evening
anatoliy,2020-05-11 21:14:45.541924,2020,5,11,21,14,45,evening
anatoliy,2020-05-11 21:14:48.613045,2020,5,11,21,14,48,evening
anatoliy,2020-05-11 21:14:52.099218,2020,5,11,21,14,52,evening
anatoliy,2020-05-11 21:14:55.320486,2020,5,11,21,14,55,evening
anatoliy,2020-05-11 21:14:59.016472,2020,5,11,21,14,59,evening
anatoliy,2020-05-11 21:15:02.007049,2020,5,11,21,15,2,evening
anatoliy,2020-05-11 21:15:06.198863,2020,5,11,21,15,6,evening
pavel,2020-05-12 21:16:16.567003,2020,5,12,21,16,16,evening
valentina,2020-05-13 21:17:02.257679,2020,5,13,21,17,2,evening
valentina,2020-05-13 21:17:28.953720,2020,5,13,21,17,28,evening
anatoliy,2020-05-11 21:17:35.611423,2020,5,11,21,17,35,evening
valentina,2020-05-13 21:17:38.546762,2020,5,13,21,17,38,evening
valentina,2020-05-13 21:17:47.599372,2020,5,13,21,17,47,evening
pavel,2020-05-12 21:18:12.601180,2020,5,12,21,18,12,evening
anatoliy,2020-05-11 21:19:42.935648,2020,5,11,21,19,42,evening
anatoliy,2020-05-11 21:21:24.652313,2020,5,11,21,21,24,evening
anatoliy,2020-05-11 21:22:35.751338,2020,5,11,21,22,35,evening
anatoliy,2020-05-11 21:22:40.269370,2020,5,11,21,22,40,evening
anatoliy,2020-05-11 21:22:44.333164,2020,5,11,21,22,44,evening
anatoliy,2020-05-11 21:22:50.888844,2020,5,11,21,22,50,evening
anatoliy,2020-05-11 21:22:56.080866,2020,5,11,21,22,56,evening
anatoliy,2020-05-11 21:24:16.274631,2020,5,11,21,24,16,evening
anatoliy,2020-05-11 21:24:22.985826,2020,5,11,21,24,22,evening
valentina,2020-05-10 21:24:28.491170,2020,5,10,21,24,28,evening
anatoliy,2020-05-11 21:24:35.546710,2020,5,11,21,24,35,evening
anatoliy,2020-05-11 21:24:39.404283,2020,5,11,21,24,39,evening
anatoliy,2020-05-11 21:24:43.135173,2020,5,11,21,24,43,evening
anatoliy,2020-05-11 21:24:50.223516,2020,5,11,21,24,50,evening
anatoliy,2020-05-11 21:24:53.784697,2020,5,11,21,24,53,evening
anatoliy,2020-05-11 21:25:00.906904,2020,5,11,21,25,0,evening
pavel,2020-05-12 21:25:47.203575,2020,5,12,21,25,47,evening
pavel,2020-05-12 21:25:56.349985,2020,5,12,21,25,56,evening
pavel,2020-05-12 21:28:33.997639,2020,5,12,21,28,33,evening
anatoliy,2020-05-11 21:29:16.612384,2020,5,11,21,29,16,evening
anatoliy,2020-05-11 21:29:19.603769,2020,5,11,21,29,19,evening
anatoliy,2020-05-11 21:29:25.307061,2020,5,11,21,29,25,evening
anatoliy,2020-05-11 21:29:28.359208,2020,5,11,21,29,28,evening
anatoliy,2020-05-11 21:29:32.523610,2020,5,11,21,29,32,evening
anatoliy,2020-05-11 21:29:39.878790,2020,5,11,21,29,39,evening
anatoliy,2020-05-11 21:29:44.548150,2020,5,11,21,29,44,evening
anatoliy,2020-05-11 21:29:47.494250,2020,5,11,21,29,47,evening
anatoliy,2020-05-11 21:29:50.938741,2020,5,11,21,29,50,evening
anatoliy,2020-05-11 21:29:56.905612,2020,5,11,21,29,56,evening
anatoliy,2020-05-11 21:30:50.696861,2020,5,11,21,30,50,evening
anatoliy,2020-05-11 21:30:54.909431,2020,5,11,21,30,54,evening
anatoliy,2020-05-11 21:31:03.396024,2020,5,11,21,31,3,evening
anatoliy,2020-05-11 21:31:08.778207,2020,5,11,21,31,8,evening
anatoliy,2020-05-11 21:31:11.193442,2020,5,11,21,31,11,evening
anatoliy,2020-05-11 21:31:17.422038,2020,5,11,21,31,17,evening
anatoliy,2020-05-11 21:31:19.746121,2020,5,11,21,31,19,evening
anatoliy,2020-05-11 21:31:23.104927,2020,5,11,21,31,23,evening
anatoliy,2020-05-11 21:31:27.146688,2020,5,11,21,31,27,evening
anatoliy,2020-05-11 21:31:29.945684,2020,5,11,21,31,29,evening
anatoliy,2020-05-11 21:31:34.253541,2020,5,11,21,31,34,evening
anatoliy,2020-05-11 21:31:37.346619,2020,5,11,21,31,37,evening
anatoliy,2020-05-11 21:31:40.606367,2020,5,11,21,31,40,evening
anatoliy,2020-05-11 21:31:43.381113,2020,5,11,21,31,43,evening
anatoliy,2020-05-11 21:31:49.839770,2020,5,11,21,31,49,evening
anatoliy,2020-05-11 21:31:52.771765,2020,5,11,21,31,52,evening
anatoliy,2020-05-11 21:31:54.985647,2020,5,11,21,31,54,evening
anatoliy,2020-05-11 21:31:59.582632,2020,5,11,21,31,59,evening
anatoliy,2020-05-11 21:32:06.184549,2020,5,11,21,32,6,evening
anatoliy,2020-05-11 21:32:14.013151,2020,5,11,21,32,14,evening
artem,2020-04-19 21:32:51.815108,2020,4,19,21,32,51,evening
anatoliy,2020-05-11 21:33:32.349175,2020,5,11,21,33,32,evening
konstantin,2020-04-18 21:33:35.285278,2020,4,18,21,33,35,evening
anatoliy,2020-05-11 21:33:38.661508,2020,5,11,21,33,38,evening
anatoliy,2020-05-11 21:33:42.105589,2020,5,11,21,33,42,evening
anatoliy,2020-05-11 21:33:52.724271,2020,5,11,21,33,52,evening
anatoliy,2020-05-11 21:33:54.462416,2020,5,11,21,33,54,evening
anatoliy,2020-05-11 21:33:56.279880,2020,5,11,21,33,56,evening
anatoliy,2020-05-11 21:34:17.145592,2020,5,11,21,34,17,evening
anatoliy,2020-05-11 21:34:19.896218,2020,5,11,21,34,19,evening
anatoliy,2020-05-11 21:34:33.988848,2020,5,11,21,34,33,evening
anatoliy,2020-05-11 21:34:36.226110,2020,5,11,21,34,36,evening
anatoliy,2020-05-11 21:34:46.581178,2020,5,11,21,34,46,evening
anatoliy,2020-05-11 21:34:49.606976,2020,5,11,21,34,49,evening
anatoliy,2020-05-11 21:35:05.226668,2020,5,11,21,35,5,evening
anatoliy,2020-05-11 21:35:09.634478,2020,5,11,21,35,9,evening
anatoliy,2020-05-11 21:35:19.475050,2020,5,11,21,35,19,evening
konstantin,2020-04-18 21:36:38.965506,2020,4,18,21,36,38,evening
konstantin,2020-05-12 21:36:39.112235,2020,5,12,21,36,39,evening
konstantin,2020-05-03 21:37:47.919445,2020,5,3,21,37,47,evening
maxim,2020-05-12 21:37:53.851529,2020,5,12,21,37,53,evening
anatoliy,2020-05-11 21:41:11.912309,2020,5,11,21,41,11,evening
pavel,2020-05-12 21:45:02.674075,2020,5,12,21,45,2,evening
maxim,2020-05-12 21:46:00.501784,2020,5,12,21,46,0,evening
konstantin,2020-04-18 21:46:57.879404,2020,4,18,21,46,57,evening
konstantin,2020-04-18 21:47:27.939041,2020,4,18,21,47,27,evening
konstantin,2020-05-12 21:48:38.335887,2020,5,12,21,48,38,evening
artem,2020-04-29 21:49:48.676812,2020,4,29,21,49,48,evening
pavel,2020-05-12 21:49:48.330937,2020,5,12,21,49,48,evening
pavel,2020-05-12 21:49:54.986050,2020,5,12,21,49,54,evening
pavel,2020-05-12 21:50:08.659472,2020,5,12,21,50,8,evening
pavel,2020-05-12 21:50:19.399795,2020,5,12,21,50,19,evening
pavel,2020-05-12 21:50:23.057233,2020,5,12,21,50,23,evening
pavel,2020-05-12 21:50:27.302621,2020,5,12,21,50,27,evening
pavel,2020-05-12 21:50:29.526150,2020,5,12,21,50,29,evening
pavel,2020-05-12 21:50:40.700727,2020,5,12,21,50,40,evening
pavel,2020-05-12 21:50:43.258131,2020,5,12,21,50,43,evening
pavel,2020-05-12 21:51:15.439094,2020,5,12,21,51,15,evening
pavel,2020-05-12 21:51:21.522861,2020,5,12,21,51,21,evening
pavel,2020-05-12 21:51:45.755731,2020,5,12,21,51,45,evening
pavel,2020-05-12 21:52:50.968227,2020,5,12,21,52,50,evening
pavel,2020-05-12 21:53:02.206386,2020,5,12,21,53,2,evening
nikolay,2020-05-03 21:53:38.241169,2020,5,3,21,53,38,evening
alexander,2020-04-26 21:53:59.624136,2020,4,26,21,53,59,evening
alexander,2020-05-17 21:54:22.507380,2020,5,17,21,54,22,evening
pavel,2020-05-12 21:55:20.919915,2020,5,12,21,55,20,evening
maxim,2020-05-14 21:55:41.686966,2020,5,14,21,55,41,evening
ekaterina,2020-05-14 21:55:50.237031,2020,5,14,21,55,50,evening
alexander,2020-05-11 21:56:54.292312,2020,5,11,21,56,54,evening
konstantin,2020-05-06 21:57:12.352220,2020,5,6,21,57,12,evening
konstantin,2020-04-18 21:58:49.438700,2020,4,18,21,58,49,evening
valentina,2020-05-11 21:59:29.696441,2020,5,11,21,59,29,evening
anatoliy,2020-05-08 21:59:30.456216,2020,5,8,21,59,30,evening
anatoliy,2020-05-08 21:59:41.998245,2020,5,8,21,59,41,evening
anatoliy,2020-05-08 22:03:42.928807,2020,5,8,22,3,42,evening
anatoliy,2020-05-08 22:03:51.463919,2020,5,8,22,3,51,evening
konstantin,2020-05-12 22:03:57.403575,2020,5,12,22,3,57,evening
anatoliy,2020-05-08 22:04:57.462199,2020,5,8,22,4,57,evening
anatoliy,2020-05-08 22:04:59.524818,2020,5,8,22,4,59,evening
maxim,2020-05-18 22:05:00.106464,2020,5,18,22,5,0,evening
anatoliy,2020-05-08 22:06:02.870053,2020,5,8,22,6,2,evening
anatoliy,2020-05-08 22:06:06.404130,2020,5,8,22,6,6,evening
anatoliy,2020-05-08 22:06:10.206799,2020,5,8,22,6,10,evening
anatoliy,2020-05-08 22:06:14.989799,2020,5,8,22,6,14,evening
pavel,2020-05-12 22:06:15.334532,2020,5,12,22,6,15,evening
anatoliy,2020-05-08 22:06:18.229368,2020,5,8,22,6,18,evening
alexander,2020-04-26 22:06:19.478143,2020,4,26,22,6,19,evening
anatoliy,2020-05-08 22:06:24.865972,2020,5,8,22,6,24,evening
pavel,2020-05-12 22:06:36.793334,2020,5,12,22,6,36,evening
artem,2020-04-21 22:07:24.866598,2020,4,21,22,7,24,evening
pavel,2020-05-12 22:08:28.331008,2020,5,12,22,8,28,evening
pavel,2020-05-14 22:08:45.906080,2020,5,14,22,8,45,evening
valentina,2020-05-14 22:09:16.703734,2020,5,14,22,9,16,evening
anatoliy,2020-05-10 22:10:23.905698,2020,5,10,22,10,23,evening
anatoliy,2020-05-10 22:10:27.209516,2020,5,10,22,10,27,evening
anatoliy,2020-05-10 22:10:29.481428,2020,5,10,22,10,29,evening
anatoliy,2020-05-08 22:10:30.609460,2020,5,8,22,10,30,evening
anatoliy,2020-05-08 22:10:33.539519,2020,5,8,22,10,33,evening
anatoliy,2020-05-08 22:10:38.901341,2020,5,8,22,10,38,evening
anatoliy,2020-05-08 22:10:43.470973,2020,5,8,22,10,43,evening
anatoliy,2020-05-08 22:10:48.655566,2020,5,8,22,10,48,evening
artem,2020-04-20 22:11:59.664315,2020,4,20,22,11,59,evening
alexander,2020-04-26 22:12:09.614497,2020,4,26,22,12,9,evening
nikolay,2020-04-26 22:13:11.447703,2020,4,26,22,13,11,evening
maxim,2020-05-12 22:13:41.304001,2020,5,12,22,13,41,evening
maxim,2020-05-12 22:13:45.355463,2020,5,12,22,13,45,evening
ekaterina,2020-05-14 22:17:15.727746,2020,5,14,22,17,15,evening
artem,2020-04-30 22:19:28.002640,2020,4,30,22,19,28,evening
valentina,2020-05-13 22:21:52.117412,2020,5,13,22,21,52,evening
anatoliy,2020-05-11 22:21:54.065450,2020,5,11,22,21,54,evening
valentina,2020-05-13 22:21:57.619479,2020,5,13,22,21,57,evening
anatoliy,2020-05-11 22:22:33.307603,2020,5,11,22,22,33,evening
anatoliy,2020-05-11 22:22:35.582633,2020,5,11,22,22,35,evening
anatoliy,2020-05-11 22:22:37.514651,2020,5,11,22,22,37,evening
anatoliy,2020-05-11 22:22:48.236030,2020,5,11,22,22,48,evening
anatoliy,2020-05-11 22:22:51.838868,2020,5,11,22,22,51,evening
anatoliy,2020-05-11 22:22:56.392107,2020,5,11,22,22,56,evening
ekaterina,2020-05-14 22:22:56.914387,2020,5,14,22,22,56,evening
anatoliy,2020-05-11 22:23:02.067221,2020,5,11,22,23,2,evening
anatoliy,2020-05-11 22:23:06.357445,2020,5,11,22,23,6,evening
anatoliy,2020-05-11 22:23:09.390967,2020,5,11,22,23,9,evening
anatoliy,2020-05-11 22:23:14.070783,2020,5,11,22,23,14,evening
anatoliy,2020-05-11 22:23:17.613389,2020,5,11,22,23,17,evening
anatoliy,2020-05-11 22:23:21.075637,2020,5,11,22,23,21,evening
anatoliy,2020-05-11 22:23:25.207882,2020,5,11,22,23,25,evening
anatoliy,2020-05-11 22:23:29.036656,2020,5,11,22,23,29,evening
anatoliy,2020-05-11 22:23:33.195366,2020,5,11,22,23,33,evening
anatoliy,2020-05-11 22:23:35.404808,2020,5,11,22,23,35,evening
anatoliy,2020-05-11 22:23:41.626123,2020,5,11,22,23,41,evening
anatoliy,2020-05-11 22:23:44.654688,2020,5,11,22,23,44,evening
anatoliy,2020-05-11 22:23:49.968923,2020,5,11,22,23,49,evening
maxim,2020-05-14 22:24:38.784320,2020,5,14,22,24,38,evening
maxim,2020-05-14 22:25:44.414380,2020,5,14,22,25,44,evening
valentina,2020-05-12 22:25:54.663529,2020,5,12,22,25,54,evening
ekaterina,2020-05-14 22:26:06.539092,2020,5,14,22,26,6,evening
ekaterina,2020-05-14 22:26:08.965379,2020,5,14,22,26,8,evening
ekaterina,2020-05-14 22:26:12.706907,2020,5,14,22,26,12,evening
ekaterina,2020-05-14 22:26:13.739043,2020,5,14,22,26,13,evening
ekaterina,2020-05-14 22:26:14.671998,2020,5,14,22,26,14,evening
ekaterina,2020-05-14 22:26:15.480116,2020,5,14,22,26,15,evening
ekaterina,2020-05-14 22:26:16.277068,2020,5,14,22,26,16,evening
ekaterina,2020-05-14 22:26:17.188118,2020,5,14,22,26,17,evening
ekaterina,2020-05-14 22:26:22.514838,2020,5,14,22,26,22,evening
ekaterina,2020-05-14 22:26:26.330241,2020,5,14,22,26,26,evening
anatoliy,2020-05-11 22:26:35.035113,2020,5,11,22,26,35,evening
artem,2020-04-24 22:26:37.905707,2020,4,24,22,26,37,evening
anatoliy,2020-05-11 22:26:49.542371,2020,5,11,22,26,49,evening
anatoliy,2020-05-11 22:26:54.267731,2020,5,11,22,26,54,evening
anatoliy,2020-05-11 22:26:59.454136,2020,5,11,22,26,59,evening
anatoliy,2020-05-11 22:27:02.930135,2020,5,11,22,27,2,evening
anatoliy,2020-05-11 22:27:07.986025,2020,5,11,22,27,7,evening
anatoliy,2020-05-11 22:27:11.826953,2020,5,11,22,27,11,evening
maxim,2020-05-13 22:27:14.701541,2020,5,13,22,27,14,evening
anatoliy,2020-05-11 22:27:16.194329,2020,5,11,22,27,16,evening
maxim,2020-05-13 22:27:19.762395,2020,5,13,22,27,19,evening
maxim,2020-05-13 22:27:36.456362,2020,5,13,22,27,36,evening
anatoliy,2020-05-11 22:27:42.702588,2020,5,11,22,27,42,evening
anatoliy,2020-05-11 22:27:48.248973,2020,5,11,22,27,48,evening
konstantin,2020-04-21 22:28:35.420477,2020,4,21,22,28,35,evening
anatoliy,2020-05-11 22:29:30.707480,2020,5,11,22,29,30,evening
anatoliy,2020-05-11 22:29:35.866411,2020,5,11,22,29,35,evening
anatoliy,2020-05-11 22:29:40.070073,2020,5,11,22,29,40,evening
anatoliy,2020-05-11 22:29:43.103341,2020,5,11,22,29,43,evening
anatoliy,2020-05-11 22:29:48.434251,2020,5,11,22,29,48,evening
anatoliy,2020-05-11 22:29:51.326968,2020,5,11,22,29,51,evening
anatoliy,2020-05-11 22:29:56.473486,2020,5,11,22,29,56,evening
anatoliy,2020-05-11 22:29:58.979657,2020,5,11,22,29,58,evening
anatoliy,2020-05-11 22:30:03.328345,2020,5,11,22,30,3,evening
anatoliy,2020-05-11 22:31:22.008602,2020,5,11,22,31,22,evening
artem,2020-04-26 22:31:45.755878,2020,4,26,22,31,45,evening
ekaterina,2020-05-14 22:32:41.300637,2020,5,14,22,32,41,evening
ekaterina,2020-05-14 22:33:07.477907,2020,5,14,22,33,7,evening
anatoliy,2020-05-11 22:33:32.887032,2020,5,11,22,33,32,evening
anatoliy,2020-05-11 22:33:35.934896,2020,5,11,22,33,35,evening
anatoliy,2020-05-11 22:33:40.173871,2020,5,11,22,33,40,evening
anatoliy,2020-05-11 22:33:54.011518,2020,5,11,22,33,54,evening
anatoliy,2020-05-11 22:33:58.063777,2020,5,11,22,33,58,evening
anatoliy,2020-05-11 22:34:02.036621,2020,5,11,22,34,2,evening
anatoliy,2020-05-11 22:34:07.511514,2020,5,11,22,34,7,evening
anatoliy,2020-05-11 22:34:13.073151,2020,5,11,22,34,13,evening
anatoliy,2020-05-11 22:34:17.187165,2020,5,11,22,34,17,evening
anatoliy,2020-05-11 22:34:23.039689,2020,5,11,22,34,23,evening
anatoliy,2020-05-11 22:34:29.694051,2020,5,11,22,34,29,evening
anatoliy,2020-05-11 22:36:59.238607,2020,5,11,22,36,59,evening
anatoliy,2020-05-11 22:37:05.387777,2020,5,11,22,37,5,evening
konstantin,2020-04-18 22:38:29.435265,2020,4,18,22,38,29,evening
pavel,2020-05-10 22:40:22.291617,2020,5,10,22,40,22,evening
nikolay,2020-04-22 22:40:36.824081,2020,4,22,22,40,36,evening
pavel,2020-05-10 22:40:36.775712,2020,5,10,22,40,36,evening
pavel,2020-05-10 22:40:56.751672,2020,5,10,22,40,56,evening
pavel,2020-05-10 22:41:35.459563,2020,5,10,22,41,35,evening
anatoliy,2020-05-11 22:41:42.426341,2020,5,11,22,41,42,evening
anatoliy,2020-05-11 22:41:47.660074,2020,5,11,22,41,47,evening
anatoliy,2020-05-11 22:41:49.880769,2020,5,11,22,41,49,evening
pavel,2020-05-10 22:42:10.851562,2020,5,10,22,42,10,evening
pavel,2020-05-10 22:42:17.234460,2020,5,10,22,42,17,evening
pavel,2020-05-10 22:42:20.976978,2020,5,10,22,42,20,evening
valentina,2020-05-10 22:42:47.689910,2020,5,10,22,42,47,evening
ekaterina,2020-05-14 22:43:33.958396,2020,5,14,22,43,33,evening
pavel,2020-05-10 22:44:00.071652,2020,5,10,22,44,0,evening
ekaterina,2020-05-14 22:44:05.168666,2020,5,14,22,44,5,evening
valentina,2020-05-10 22:44:09.393239,2020,5,10,22,44,9,evening
ekaterina,2020-05-14 22:46:21.298451,2020,5,14,22,46,21,evening
vladislav,2020-04-17 22:46:26.785035,2020,4,17,22,46,26,evening
ekaterina,2020-05-14 22:46:26.012535,2020,5,14,22,46,26,evening
ekaterina,2020-05-14 22:46:27.998305,2020,5,14,22,46,27,evening
anatoliy,2020-05-11 22:46:32.323089,2020,5,11,22,46,32,evening
anatoliy,2020-05-11 22:46:35.286356,2020,5,11,22,46,35,evening
ekaterina,2020-05-14 22:46:35.684418,2020,5,14,22,46,35,evening
anatoliy,2020-05-11 22:46:38.240721,2020,5,11,22,46,38,evening
anatoliy,2020-05-11 22:46:41.274872,2020,5,11,22,46,41,evening
ekaterina,2020-05-14 22:46:45.251641,2020,5,14,22,46,45,evening
anatoliy,2020-05-11 22:48:02.918394,2020,5,11,22,48,2,evening
anatoliy,2020-05-11 22:48:10.743621,2020,5,11,22,48,10,evening
anatoliy,2020-05-11 22:48:18.521062,2020,5,11,22,48,18,evening
anatoliy,2020-05-11 22:48:21.915249,2020,5,11,22,48,21,evening
anatoliy,2020-05-11 22:48:26.778171,2020,5,11,22,48,26,evening
anatoliy,2020-05-11 22:48:29.967692,2020,5,11,22,48,29,evening
anatoliy,2020-05-11 22:48:40.637414,2020,5,11,22,48,40,evening
konstantin,2020-05-11 22:48:46.513412,2020,5,11,22,48,46,evening
ekaterina,2020-05-14 22:48:54.112716,2020,5,14,22,48,54,evening
ekaterina,2020-05-14 22:48:58.528758,2020,5,14,22,48,58,evening
anatoliy,2020-05-11 22:49:04.388401,2020,5,11,22,49,4,evening
ekaterina,2020-05-14 22:49:05.407676,2020,5,14,22,49,5,evening
ekaterina,2020-05-14 22:49:08.503903,2020,5,14,22,49,8,evening
ekaterina,2020-05-14 22:49:15.947205,2020,5,14,22,49,15,evening
ekaterina,2020-05-14 22:49:21.702662,2020,5,14,22,49,21,evening
maxim,2020-04-26 22:49:29.243278,2020,4,26,22,49,29,evening
valentina,2020-05-14 22:50:55.539698,2020,5,14,22,50,55,evening
ekaterina,2020-05-14 22:51:50.295470,2020,5,14,22,51,50,evening
anatoliy,2020-05-11 22:51:51.728257,2020,5,11,22,51,51,evening
anatoliy,2020-05-11 22:51:56.148694,2020,5,11,22,51,56,evening
ekaterina,2020-05-14 22:51:56.546762,2020,5,14,22,51,56,evening
ekaterina,2020-05-14 22:51:57.796675,2020,5,14,22,51,57,evening
ekaterina,2020-05-14 22:51:58.794262,2020,5,14,22,51,58,evening
ekaterina,2020-05-14 22:51:59.525918,2020,5,14,22,51,59,evening
ekaterina,2020-05-14 22:52:00.779960,2020,5,14,22,52,0,evening
ekaterina,2020-05-14 22:52:05.580113,2020,5,14,22,52,5,evening
ekaterina,2020-05-14 22:52:09.562312,2020,5,14,22,52,9,evening
anatoliy,2020-05-11 22:52:20.111656,2020,5,11,22,52,20,evening
ekaterina,2020-05-14 22:52:20.217907,2020,5,14,22,52,20,evening
anatoliy,2020-05-11 22:52:22.155197,2020,5,11,22,52,22,evening
anatoliy,2020-05-11 22:52:36.000709,2020,5,11,22,52,36,evening
anatoliy,2020-05-11 22:52:39.366783,2020,5,11,22,52,39,evening
anatoliy,2020-05-11 22:52:46.554005,2020,5,11,22,52,46,evening
anatoliy,2020-05-11 22:52:48.738900,2020,5,11,22,52,48,evening
anatoliy,2020-05-11 22:52:53.761680,2020,5,11,22,52,53,evening
anatoliy,2020-05-11 22:52:58.289158,2020,5,11,22,52,58,evening
anatoliy,2020-05-11 22:52:59.775186,2020,5,11,22,52,59,evening
anatoliy,2020-05-11 22:53:04.639438,2020,5,11,22,53,4,evening
anatoliy,2020-05-11 22:53:13.856524,2020,5,11,22,53,13,evening
anatoliy,2020-05-11 22:53:18.682820,2020,5,11,22,53,18,evening
anatoliy,2020-05-11 22:53:21.061993,2020,5,11,22,53,21,evening
anatoliy,2020-05-11 22:53:28.332445,2020,5,11,22,53,28,evening
anatoliy,2020-05-11 22:53:36.152799,2020,5,11,22,53,36,evening
anatoliy,2020-05-11 22:53:40.856590,2020,5,11,22,53,40,evening
anatoliy,2020-05-11 22:53:49.515733,2020,5,11,22,53,49,evening
anatoliy,2020-05-11 22:54:01.139499,2020,5,11,22,54,1,evening
anatoliy,2020-05-11 22:54:15.141435,2020,5,11,22,54,15,evening
ekaterina,2020-05-14 22:56:03.247304,2020,5,14,22,56,3,evening
ekaterina,2020-05-14 22:56:07.680183,2020,5,14,22,56,7,evening
ekaterina,2020-05-14 22:56:08.952313,2020,5,14,22,56,8,evening
ekaterina,2020-05-14 22:56:09.599085,2020,5,14,22,56,9,evening
ekaterina,2020-05-14 22:56:12.510063,2020,5,14,22,56,12,evening
ekaterina,2020-05-14 22:56:13.165454,2020,5,14,22,56,13,evening
ekaterina,2020-05-14 22:56:13.947200,2020,5,14,22,56,13,evening
alexander,2020-05-14 22:56:14.464582,2020,5,14,22,56,14,evening
ekaterina,2020-05-14 22:56:14.809237,2020,5,14,22,56,14,evening
ekaterina,2020-05-14 22:56:15.721252,2020,5,14,22,56,15,evening
ekaterina,2020-05-14 22:56:16.645177,2020,5,14,22,56,16,evening
ekaterina,2020-05-14 22:56:17.713331,2020,5,14,22,56,17,evening
artem,2020-04-23 22:57:50.383225,2020,4,23,22,57,50,evening
ekaterina,2020-05-14 22:59:41.332065,2020,5,14,22,59,41,evening
ekaterina,2020-05-14 22:59:48.277349,2020,5,14,22,59,48,evening
ekaterina,2020-05-14 23:02:11.327532,2020,5,14,23,2,11,evening
ekaterina,2020-05-14 23:02:14.494985,2020,5,14,23,2,14,evening
ekaterina,2020-05-14 23:02:15.588808,2020,5,14,23,2,15,evening
ekaterina,2020-05-14 23:02:16.358992,2020,5,14,23,2,16,evening
ekaterina,2020-05-14 23:02:17.058125,2020,5,14,23,2,17,evening
ekaterina,2020-05-14 23:02:17.667048,2020,5,14,23,2,17,evening
ekaterina,2020-05-14 23:02:18.431457,2020,5,14,23,2,18,evening
maxim,2020-05-03 23:02:58.174142,2020,5,3,23,2,58,evening
maxim,2020-05-21 23:03:06.457819,2020,5,21,23,3,6,evening
ekaterina,2020-05-14 23:03:50.025114,2020,5,14,23,3,50,evening
ekaterina,2020-05-14 23:04:34.691990,2020,5,14,23,4,34,evening
ekaterina,2020-05-19 23:04:35.576177,2020,5,19,23,4,35,evening
artem,2020-05-14 23:04:38.821569,2020,5,14,23,4,38,evening
konstantin,2020-05-12 23:04:39.319316,2020,5,12,23,4,39,evening
konstantin,2020-05-12 23:04:54.704435,2020,5,12,23,4,54,evening
ekaterina,2020-05-18 23:06:23.874285,2020,5,18,23,6,23,evening
konstantin,2020-04-18 23:06:34.198911,2020,4,18,23,6,34,evening
ekaterina,2020-05-18 23:06:52.426568,2020,5,18,23,6,52,evening
ekaterina,2020-05-18 23:07:02.623028,2020,5,18,23,7,2,evening
ekaterina,2020-05-18 23:07:15.073740,2020,5,18,23,7,15,evening
konstantin,2020-04-28 23:07:20.698279,2020,4,28,23,7,20,evening
ekaterina,2020-05-18 23:07:38.162549,2020,5,18,23,7,38,evening
ekaterina,2020-05-18 23:07:49.737053,2020,5,18,23,7,49,evening
ekaterina,2020-05-18 23:08:35.102006,2020,5,18,23,8,35,evening
maxim,2020-04-26 23:08:42.282553,2020,4,26,23,8,42,evening
ekaterina,2020-05-14 23:08:51.259924,2020,5,14,23,8,51,evening
ekaterina,2020-05-14 23:08:53.188236,2020,5,14,23,8,53,evening
konstantin,2020-04-28 23:09:12.179207,2020,4,28,23,9,12,evening
ekaterina,2020-05-18 23:09:21.201898,2020,5,18,23,9,21,evening
artem,2020-04-19 23:10:03.761243,2020,4,19,23,10,3,evening
ekaterina,2020-05-18 23:10:35.341127,2020,5,18,23,10,35,evening
valentina,2020-05-18 23:11:03.993455,2020,5,18,23,11,3,evening
valentina,2020-05-18 23:11:08.438023,2020,5,18,23,11,8,evening
valentina,2020-05-18 23:11:13.917512,2020,5,18,23,11,13,evening
valentina,2020-05-18 23:11:36.078321,2020,5,18,23,11,36,evening
valentina,2020-05-18 23:11:39.661967,2020,5,18,23,11,39,evening
ekaterina,2020-05-14 23:12:07.029995,2020,5,14,23,12,7,evening
valentina,2020-05-18 23:12:11.945613,2020,5,18,23,12,11,evening
valentina,2020-05-18 23:12:20.181732,2020,5,18,23,12,20,evening
anatoliy,2020-05-18 23:13:35.513306,2020,5,18,23,13,35,evening
anatoliy,2020-05-18 23:13:40.103120,2020,5,18,23,13,40,evening
anatoliy,2020-05-18 23:13:42.798068,2020,5,18,23,13,42,evening
anatoliy,2020-05-18 23:13:46.099484,2020,5,18,23,13,46,evening
anatoliy,2020-05-18 23:13:49.263698,2020,5,18,23,13,49,evening
anatoliy,2020-05-18 23:13:53.136774,2020,5,18,23,13,53,evening
anatoliy,2020-05-18 23:13:59.451320,2020,5,18,23,13,59,evening
anatoliy,2020-05-18 23:14:07.001276,2020,5,18,23,14,7,evening
anatoliy,2020-05-18 23:14:12.586190,2020,5,18,23,14,12,evening
anatoliy,2020-05-18 23:14:19.692262,2020,5,18,23,14,19,evening
anatoliy,2020-05-18 23:14:22.344240,2020,5,18,23,14,22,evening
anatoliy,2020-05-18 23:14:32.043788,2020,5,18,23,14,32,evening
anatoliy,2020-05-18 23:14:40.034859,2020,5,18,23,14,40,evening
anatoliy,2020-05-18 23:14:43.005537,2020,5,18,23,14,43,evening
anatoliy,2020-05-18 23:14:45.770818,2020,5,18,23,14,45,evening
maxim,2020-05-03 23:14:54.165462,2020,5,3,23,14,54,evening
anatoliy,2020-05-18 23:14:54.357893,2020,5,18,23,14,54,evening
anatoliy,2020-05-18 23:15:00.620576,2020,5,18,23,15,0,evening
anatoliy,2020-05-18 23:15:07.725473,2020,5,18,23,15,7,evening
anatoliy,2020-05-18 23:15:11.862146,2020,5,18,23,15,11,evening
anatoliy,2020-05-18 23:15:15.833602,2020,5,18,23,15,15,evening
anatoliy,2020-05-18 23:15:26.097342,2020,5,18,23,15,26,evening
anatoliy,2020-05-18 23:15:44.875764,2020,5,18,23,15,44,evening
anatoliy,2020-05-18 23:16:12.371984,2020,5,18,23,16,12,evening
anatoliy,2020-05-18 23:16:15.406494,2020,5,18,23,16,15,evening
valentina,2020-05-18 23:16:48.498169,2020,5,18,23,16,48,evening
anatoliy,2020-05-18 23:17:01.786927,2020,5,18,23,17,1,evening
anatoliy,2020-05-18 23:17:05.601688,2020,5,18,23,17,5,evening
anatoliy,2020-05-18 23:17:08.871898,2020,5,18,23,17,8,evening
maxim,2020-04-26 23:17:39.909301,2020,4,26,23,17,39,evening
anatoliy,2020-05-18 23:20:07.155003,2020,5,18,23,20,7,evening
pavel,2020-05-21 23:23:49.995349,2020,5,21,23,23,49,evening
anatoliy,2020-05-18 23:25:20.512222,2020,5,18,23,25,20,evening
artem,2020-05-08 23:29:12.208030,2020,5,8,23,29,12,evening
ekaterina,2020-05-14 23:30:45.650337,2020,5,14,23,30,45,evening
anatoliy,2020-05-11 23:31:01.177906,2020,5,11,23,31,1,evening
artem,2020-04-22 23:32:56.096106,2020,4,22,23,32,56,evening
pavel,2020-05-18 23:38:44.123143,2020,5,18,23,38,44,evening
artem,2020-05-01 23:39:04.518273,2020,5,1,23,39,4,evening
artem,2020-04-18 23:40:32.666884,2020,4,18,23,40,32,evening
artem,2020-04-26 23:41:18.281836,2020,4,26,23,41,18,evening
valentina,2020-05-20 23:43:07.300734,2020,5,20,23,43,7,evening
artem,2020-04-22 23:46:37.937105,2020,4,22,23,46,37,evening
artem,2020-04-29 23:48:14.208828,2020,4,29,23,48,14,evening
artem,2020-05-21 23:49:22.386789,2020,5,21,23,49,22,evening
anatoliy,2020-05-09 23:53:55.599821,2020,5,9,23,53,55,evening
pavel,2020-05-09 23:54:54.260791,2020,5,9,23,54,54,evening
valentina,2020-05-14 23:58:56.754866,2020,5,14,23,58,56,evening
alexander,2020-05-14 23:59:38.758438,2020,5,14,23,59,38,evening
